PDB,VINA,GlideSP,DSX,RFScore,HMS,Experimental
1e66,-11.69349,-7.24,-110.384,-11.76356738,-9.767565964,-13.66
10gs,-6.6313,-7.61,-118.337,-8.905824261,-9.781381475,-8.84
1a08,-5.17208,-8.06,-109.942,-8.048961275,-8.234044293,-7.76
1a1b,-5.03929,-7.75,-112.137,-7.823641262,-8.192597761,-8.84
1a30,-5.91256,-8.73,-106.796,-7.443771155,-7.819578976,-5.94
1a69,-8.07442,-7.04,-92.255,-7.083179106,-7.778132444,-7.32
1ai5,-5.55253,-7.14,-57.129,-7.875426383,-7.626161828,-5.14
1ajp,5.29522,-7.11,16.823,-6.380174047,-6.659076089,-3.08
1ajq,-4.68158,-7.24,-54.421,-7.368073223,-6.92157079,-5.95
1apw,-7.84533,-9.81,-164.91,-11.38067695,-10.30637088,-11.05
1avn,-1.83285,-4.99,-7.977,-6.058324379,-5.44331116,-5.39
1b39,-7.01859,-7.41,-111.439,-9.630870237,-8.745218183,-9.56
1b7h,-7.40084,-10.26,-177.528,-11.47356277,-9.836643517,-11.08
1b8o,-9.54712,-10.17,-103.134,-8.058324176,-8.855742268,-14.7
1b9j,-7.8631,-10.3,-182.84,-11.5945954,-10.09913822,-8.23
1bcu,-6.6084,-5.54,-78.328,-6.201822143,-7.142618958,-4.53
1bma,-4.88166,-6.95,-158.232,-10.37099062,-10.26492434,-6.34
1bra,-4.70416,-7.13,-61.661,-5.382129349,-6.755784663,-2.51
1bxo,-11.52041,-13.64,-175.36,-10.85001812,-11.66029091,-13.82
1d09,-7.10031,-8.16,-97.843,-6.372115328,-6.976832832,-10.46
1d7j,-2.80113,-3.22,-30.466,-5.982940221,-5.816329945,-4.56
1det,-5.68204,-7.84,-76.375,-7.762531136,-7.280774064,-5.94
1df8,-7.12198,-10.56,-99.249,-7.372365899,-8.17878225,-13.4
1dhi,-7.62755,-8.19,-113.06,-10.4867471,-8.993897373,-10.03
1e1v,-5.24185,-7.02,-100.95,-6.569290506,-7.584715296,-6.8
1e5a,-2.3052,-2.42,-16.697,-5.773869705,-7.294589575,-10.56
1ela,-6.70771,-7,-135.137,-9.420860616,-9.560333306,-8.79
1elb,-4.73604,-3.85,-93.506,-9.786269995,-9.311654116,-9.88
1f4e,-6.47632,-4.95,-64.155,-7.855935413,-8.068258166,-4.09
1f4f,-6.93869,-6.84,-85.201,-9.026515947,-8.372199398,-6.38
1f4g,-8.38567,-9.15,-116.685,-9.662072064,-9.049159415,-8.95
1f5k,-5.20541,-8.68,-71.028,-5.55131317,-6.92157079,-5.17
1fcx,-15.08813,-14.25,-175.251,-12.01959089,-13.82932607,-9.93
1fcz,-14.13091,-14.73,-163.76,-11.68642019,-13.30433667,-12.74
1fd0,-15.3954,-14.82,-173.947,-11.55736167,-14.18852934,-11.61
1fh7,-6.0738,-7.72,-99.059,-5.672959776,-8.082073676,-7.24
1fh8,-6.74759,-8,-103.699,-6.15353241,-8.054442655,-9.52
1fh9,-7.03769,-8.1,-104.679,-6.041921516,-8.468907972,-8.88
1fkb,-10.5304,-9.27,-164.526,-9.760414442,-13.24907463,-13.4
1fki,-11.21967,-7.79,-112.172,-9.633437587,-10.62412762,-9.67
1fkn,-6.95242,-13.9,-225.136,-10.59231388,-11.86752357,-12.16
1flr,-12.46032,-9.31,-127.95,-9.577449868,-11.02477743,-13.82
1ftm,-7.7056,-6.85,-87.188,-7.093595522,-8.123520208,-10.51
1fzj,-9.06284,-15.03,-216.708,-10.94078419,-12.98657992,-11.19
1fzk,-9.55661,-13.63,-214.075,-10.96486002,-12.79316278,-11.61
1g7f,-6.72136,-7.44,-140.983,-7.367268424,-8.92481982,-7.56
1g7q,-7.2175,-10.27,-151.889,-10.7117594,-10.12676924,-8.37
1gni,-6.17972,-3.78,-105.482,-9.10715831,-8.607063078,-11.15
1gpk,-10.13177,-9.01,-103.619,-8.076511565,-8.468907972,-7.42
1h23,-9.66911,-11.62,-169.719,-11.61317583,-11.121486,-11.54
1ha2,-8.46775,-7.04,-92.217,-9.868904576,-10.05769169,-7.65
1hfs,-9.91634,-12.42,-276.81,-10.7596211,-13.93985015,-12.02
1hi4,-4.53015,-7.95,-69.754,-7.824280624,-7.653792849,-6.2
1hk4,-4.64108,-5.17,-53.56,-7.890127949,-9.643226369,-7.34
1if7,-4.54487,-5.17,-88.688,-9.47746442,-8.993897373,-14.53
1is0,-5.39847,-8.84,-122.585,-8.325043475,-8.330752866,-9.67
1j16,-5.50114,-7.45,-70.889,-5.488131157,-6.949201811,-5.31
1j17,-9.68114,-7.48,-159.97,-10.47184317,-9.726119433,-7.21
1jaq,-5.52731,-7.43,-97.628,-7.429553889,-8.16496674,-6.19
1jq9,-2.02908,-6.97,-108.891,-11.53436898,-9.90572107,-11.67
1jqd,-7.10038,-9.39,-149.025,-9.397488289,-8.386014909,-7.13
1jys,-4.14936,-5.97,-47.634,-5.800793674,-6.589998536,-4.86
1k9s,-8.52852,-8.99,-108.119,-7.616595295,-8.261675314,-9.01
1kv1,-8.92924,-8.58,-122.114,-9.974993705,-10.32018639,-8.21
1kv5,-4.21476,-7.64,-51.351,-6.573941265,-6.769600173,-5.83
1l2s,-6.31249,-6.59,-71.499,-9.177636602,-7.695239381,-6.34
1lol,-7.28581,-8.67,-90.856,-7.79655602,-7.764316934,-8.83
1loq,-7.18987,-9.81,-90.933,-5.874317557,-8.579432057,-5.11
1m0n,-5.73651,-7.44,-86.418,-8.706136308,-7.985365103,-3.07
1m0q,-5.59464,-6.82,-94.634,-7.710829987,-8.372199398,-5.37
1m2q,-8.53282,-6.94,-67.483,-8.286412967,-8.91100431,-8.43
1mq6,-9.29653,-8.41,-175.073,-13.23253285,-10.3340019,-15.4
1n2v,-5.97037,-7.35,-72.596,-6.43234133,-7.639977339,-5.64
1nc1,-3.37089,-9.94,-110.417,-9.624796595,-8.786664715,-8.46
1ndw,-6.56669,-7.62,-72.674,-8.986496688,-8.109704698,-7.23
1ndy,-7.30306,-8.68,-88.17,-10.98356282,-9.270207584,-8.52
1ndz,-7.57735,-9.15,-136.239,-12.20394507,-10.32018639,-11.2
1nfy,-8.26138,-8.47,-142.174,-10.4471933,-9.850459028,-12.28
1nhu,-6.03019,-5.51,-86.551,-9.259378834,-9.960983112,-7.82
1nja,-5.84104,-6.4,-67.291,-7.362202453,-7.239327532,-8.72
1nje,-5.98597,-6.34,-66.628,-7.58763618,-7.197881001,-5.25
1nny,-9.36362,-9.68,-191.278,-9.62549301,-11.82607704,-10.58
1nvq,-12.62328,-11.17,-172.801,-11.69131022,-11.6464754,-11.4
1o0h,-6.58359,-7.52,-98.83,-7.805060026,-7.695239381,-8.18
1o3f,-7.62625,-7.85,-118.153,-10.03315321,-8.759033694,-11
1o3p,-7.25467,-6.06,-102.698,-10.75000028,-8.593247567,-9.2
1olu,-6.5358,-7.39,-81.035,-6.990467129,-7.791947955,-6.09
1om1,-9.30741,-10.33,-100.543,-8.713169957,-9.726119433,-9.35
1p1q,-7.49651,-6.61,-78.41,-6.932949379,-7.971549592,-6.76
1pb9,-4.85584,-5.97,-53.008,-7.244247806,-7.087356916,-5
1pbq,-7.73995,-8.76,-72.56,-7.218609797,-8.897188799,-8.66
1ppm,-8.57732,-11.2,-167.722,-10.09860686,-11.05240845,-8.01
1pr5,-7.63537,-7.13,-93.493,-7.547597625,-7.888656529,-5.42
1pxo,-5.11201,-8,-63.132,-6.693742181,-7.336036106,-12.02
1q7a,-5.43721,-3.49,-88.006,-7.949647094,-9.40836269,-9.93
1q8t,-6.37514,-7.23,-84.051,-7.58068745,-8.16496674,-6.58
1re8,-12.24898,-12.33,-179.353,-10.17813263,-11.71555295,-13.15
1rnt,-5.81815,-10.25,-94.993,-7.574351383,-7.847209997,-7.17
1s39,-7.39535,-9.45,-77.254,-7.251316932,-8.330752866,-10.64
1sl3,-10.58635,-11.14,-191.641,-12.19505479,-9.795196986,-16.37
1slg,-4.89573,-7.87,-110.433,-10.24502817,-8.275490824,-5.39
1sqa,-8.18727,-8.87,-133.763,-12.12428253,-8.869557778,-12.72
1sv3,-4.00034,-4.4,-49.457,-5.679441188,-6.976832832,-6.55
1syh,-9.11669,-10.95,-116.817,-7.738728766,-8.772849204,-8.72
1tmn,-6.92576,-4.67,-134.26,-10.37635611,-10.3340019,-10.09
1trd,-4.16625,-6.6,-48.161,-6.784200142,-6.68670711,-7.46
1tsy,-5.95354,-7.49,-76.896,-5.936623437,-7.501822233,-6.85
1ttm,-4.53335,-6.28,-63.276,-9.344510163,-8.42746144,-10.15
1u1b,-7.36387,-8.37,-155.361,-10.86861242,-8.510354504,-10.78
1u2y,-3.91046,-3.92,-19.682,-6.62393031,-6.18934873,-2.4
1u33,-6.41301,-6.77,-133.682,-7.033935139,-8.993897373,-6.36
1utp,-3.39539,-5.45,-54.071,-5.402411242,-6.134086688,-1.99
1uwt,-5.91065,-5.98,-79.308,-7.121777793,-7.073541406,-8.25
1v16,-6.65766,-6.11,-81.227,-6.980414042,-7.999180613,-5.35
1v2o,-5.40952,-8.24,-96.841,-8.278277873,-8.026811634,-6.53
1vfn,-4.56941,-7.62,-53.441,-6.606242506,-6.838677726,-7.74
1vzq,-10.8026,-10.75,-171.638,-12.02001825,-9.988614133,-10.28
1x1z,-7.22886,-9.75,-89.978,-6.298318109,-8.689956141,-15.28
1xd1,-7.78886,-9.05,-222.442,-9.783448275,-10.52741905,-10.94
1xgj,-5.87791,-7.07,-70.439,-8.724188981,-7.819578976,-8.29
1y1m,-5.98642,-7.17,-71.848,-6.766618424,-7.833394486,-2.51
1y6q,-8.86552,-12.16,-118.193,-9.295079678,-8.800480225,-16.16
1ydt,-8.34381,-9.44,-124.85,-10.99422765,-9.491255753,-10.11
1zc9,-3.56322,-5.25,-59.221,-7.808914564,-6.603814047,-4.45
1zoe,-6.62815,-5.42,-59.343,-6.104264435,-8.828111247,-10.22
1zs0,-7.84247,-7.42,-140.379,-9.634859214,-9.1596835,-8.5
1zvx,-8.11369,-7.27,-146.357,-9.65104915,-9.726119433,-12.74
2aou,-8.4414,-7.52,-115.653,-10.72370245,-10.63794313,-10.68
2aov,-8.22352,-8.06,-60.236,-7.520319733,-9.118236968,-9.73
2ayr,-10.46512,-12,-182.563,-12.01070583,-12.77934727,-12.83
2azr,-6.56402,-9.83,-78.593,-6.933923439,-7.874841018,-5.03
2b1v,-7.73525,-9.35,-112.373,-9.596532246,-9.104421458,-7.93
2b7d,-8.36487,-8.95,-155.265,-12.16734916,-9.477440243,-12.02
2bak,-10.19146,-11.97,-205.958,-11.79578311,-11.92278561,-10.26
2bok,-8.55429,-11.11,-156.886,-11.51626513,-8.648509609,-9.05
2brb,-7.53356,-6.47,-107.916,-7.898170625,-9.795196986,-6.71
2brm,-7.43501,-8.3,-107.618,-9.939521354,-9.394547179,-8.14
2bz6,-8.09081,-8.62,-140.76,-10.54803791,-8.745218183,-9.8
2bzz,-6.55559,-8.89,-128.15,-10.84911966,-7.833394486,-8.88
2c02,-6.09909,-7.02,-70.32,-7.938997716,-7.087356916,-5.58
2ceq,-5.07291,-7.36,-75.429,-7.279451233,-7.598530807,-10.06
2cer,-7.4965,-8.7,-110.931,-9.972353409,-9.297838606,-12.74
2cet,-7.3568,-8.22,-112.952,-9.742815521,-9.380731669,-11.08
2cgr,-9.40272,-7.2,-119.14,-10.80788266,-9.518886774,-10.06
2ctc,-5.68687,-8.14,-61.843,-6.205557233,-7.902472039,-5.37
2d0k,-6.96893,-6.52,-101.233,-9.418243827,-8.828111247,-6.94
2d1o,-6.78985,-9.21,-172.249,-10.75256582,-10.44452598,-10.64
2d3u,-8.41725,-8.2,-108.08,-9.430283761,-9.643226369,-9.56
2d3z,-8.26059,-8.49,-104.437,-9.503850499,-9.297838606,-9.17
2drc,-0.34753,-10.04,-124.074,-10.54510244,-8.966266352,-13.66
2er9,-8.25264,-14.27,-258.329,-10.91975115,-12.11620276,-10.22
2f01,-7.72608,-13.62,-106.598,-7.402779364,-8.386014909,-17.96
2f80,-8.4108,-9.6,-185.951,-11.29646543,-11.05240845,-11.3
2fai,-8.01532,-9.34,-115.225,-9.616651314,-9.449809222,-8.62
2fdp,-10.49827,-14.05,-222.989,-11.55917929,-12.47540603,-10.49
2flb,-6.86009,-7.31,-111.915,-9.992790987,-9.104421458,-7.93
2fzc,-3.89524,-3.87,-42.131,-6.686930585,-6.479474452,-3.73
2g5u,-3.43418,-4.39,-35.907,-5.591044415,-8.551801035,-11.73
2g8r,-4.45694,-4.05,-71.366,-7.016759398,-6.838677726,-5.51
2g94,-7.92131,-14.3,-237.293,-11.81900119,-11.88133908,-13.15
2gss,-4.87328,-4.49,-53.719,-6.655941177,-7.778132444,-6.82
2h3e,-6.83389,-7.47,-99.196,-7.21408018,-7.999180613,-7.87
2hdq,-3.998,-5.91,-36.327,-6.028891311,-6.728153642,-1.93
2i0d,-8.41223,-9.73,-188.298,-11.11649399,-11.19056355,-16.72
2j77,-5.49563,-5.94,-74.135,-7.32809172,-7.805763465,-6.76
2j78,-5.50192,-7.33,-76.495,-7.778073502,-7.709054891,-8.87
2qwb,-6.00758,-6.99,-63.867,-6.556114803,-7.460375701,-3.79
2qwd,-5.29954,-6.64,-67.385,-6.830715893,-7.18406549,-6.7
2qwe,-6.39502,-5.85,-88.86,-7.915330418,-7.515637744,-10.33
2rkm,-6.51324,-6.78,-101.21,-8.324000627,-6.949201811,-5.39
2std,-9.16379,-7.5,-93.161,-9.392897023,-10.23729332,-13.61
2usn,-6.16916,-6.35,-109.912,-9.10238367,-9.587964327,-8.99
3gss,-6.03621,-8.53,-118.922,-9.170166172,-9.17349901,-8.04
3pce,-3.44931,-5.19,-44.891,-6.120785918,-7.101172427,-2.76
3pch,-3.6636,-7.63,-45.441,-6.422935509,-7.999180613,-7.46
3pcj,-4.70957,-6.47,-44.147,-7.233184323,-7.336036106,-9.97
4er2,-6.3529,-10.28,-189.821,-11.23327512,-10.44452598,-12.85
4tim,-3.66255,-7.76,-45.413,-6.238149031,-7.004463853,-2.98
4tln,-1.98811,-5.03,-46.65,-5.966149958,-6.755784663,-5.14
4tmn,-8.07321,-5.1,-158.886,-11.39441509,-10.81754477,-14.05
5er1,-6.00129,-6.15,-151.626,-11.24037077,-9.187314521,-8.32
6rnt,-5.41694,-6.51,-77.386,-7.618342797,-6.824862216,-3.27
6std,-9.50048,-8.24,-102.843,-10.06896422,-10.62412762,-11.94
7cpa,-8.11603,-7.79,-156.18,-9.747601938,-11.60502887,-19.29
8cpa,-5.5698,-5.46,-113.81,-9.174722791,-10.27873986,-12.64
